Gate,x,y,z,theta,size
1,0.2,-0.35,1.37,-1.04719755,0.4
2,0.8,-0.6,1.25,0.0261799,0.4
3,2.2,0.3,1.33,2.0943951,0.4
4,-0.4,0.82,0.87,2.146755,0.4
