Gate,x,y,z,theta,size
1,0.2,-0.35,1.3,0.575959,0.4
2,0.8,-0.6,1.15,1.62316,0.4
3,2.2,0.3,1.33,0.453786,0.4
4,-0.4,0.82,0.87,2.49582,0.4
